"item","difficulty_mean","difficulty_SD","difficulty_Rhat","discrimination_mean","discrimination_SD","discrimination_Rhat"
"Task1",-0.423369972912129,0.388885577190881,NA,1.56743827143719,0.172729641156574,NA
"Task2",0.317027897769752,0.642359385507894,NA,0.705479845079686,0.52580084747645,NA
"Task3",-0.197360276382759,0.133892745413813,NA,1.07577587872352,0.285278308244315,NA
